Charge Code,Desc,PLC
612109.00.BP8.5202BP80100S.AQ,McMurdo Vehicle Maintenance,D9JP
612109.00.BP8.3202BP80100S.AQ,Field Support Management,DA8P
612109.00.BP8.3401BP80600S.AQ,West Antarctic Support/Thwaites,DA8P
612109.00.BP8.5101BP80500S.AQ,Palmer Area Management,DBGP
612109.00.BP8.6601BP80200S.AQ,Peninsula Area Logistics,DBGP
612109.00.BP8.5101BP80500S.AQ,Palmer Area Management,DBHP
612109.00.BP8.6601BP80200S.AQ,Peninsula Area Logistics,DBHP
612109.00.BP8.5601BP80200S.AQ,Operation Centers and Antarctic Fire Services,DBIP
612109.00.BP8.3202BP80100S.AQ,Field Support Management,DC5P
612109.00.BP8.3401BP80400S.AQ,NASA LDB,DC5P
612109.00.BP8.3401BP80600S.AQ,West Antarctic Support/Thwaites,DC5P
612109.00.BP8.5101BP80400S.AQ,South Pole Area Management,DCCP
612109.00.BP8.7201BP80100S.AQ,McMurdo Facilities Maintenance,DCCP
612109.00.BP8.7201BP80300S.AQ,Palmer Facilities Maintenance,DCCP
612109.00.BP8.7201BP80100S.AQ,McMurdo Facilities Maintenance,DCDP
612109.00.BP8.7401BP81100S.AQ,MCM Morale Facility,DD2P
612109.00.BP8.5201BP80100S.AQ,Operations Traverse,DD4P
612109.00.BP8.3202BP80100S.AQ,Field Support Management,DD8P
612109.00.BP8.3401BP80100S.AQ,WAIS - Project,DD8P
612109.00.BP8.3401BP80200S.AQ,RAID,DD8P
612109.00.BP8.3401BP80300S.AQ,Science Traverse/SALSA,DD8P
612109.00.BP8.3401BP80600S.AQ,West Antarctic Support/Thwaites,DD8P
612109.00.BP8.5201BP80100S.AQ,Operations Traverse,DD8P
612109.00.BP8.5202BP80600S.AQ,Mechanical Equipment/Field Energy,DDZP
612109.00.BP8.2101BP80100S.AQ,Safety and Health Engineering,DE4P
612109.00.BP8.3202BP80300S.AQ,Continental Field Camps (Minor),DEBP
612109.00.BP8.3401BP80400S.AQ,NASA LDB,DEBP
612109.00.BP8.3401BP80600S.AQ,West Antarctic Support/Thwaites,DEBP
612109.00.BP8.7201BP80100S.AQ,McMurdo Facilities Maintenance,DEBP
612109.00.BP8.7301BP80100S.AQ,McMurdo Operational SIP Support,DEBP
612109.00.BP8.5101BP80400S.AQ,South Pole Area Management,DECP
612109.00.BP8.5101BP80500S.AQ,Palmer Area Management,DECP
612109.00.BP8.7201BP80300S.AQ,Palmer Facilities Maintenance,DECP
612109.00.BP8.5202BP80400S.AQ,McMurdo Equipment Operations,DENP
612109.00.BP8.5601BP80200S.AQ,Operation Centers and Antarctic Fire Services,DF3P
612109.00.BP8.5502BP80100S.AQ,McMurdo Fuel Operations,DFEP
612109.00.BP8.5502BP80200S.AQ,South Pole Fuel Operations,DFEP
612109.00.BP8.5601BP80200S.AQ,Operation Centers and Antarctic Fire Services,DFHP
612109.00.BP8.6601BP80600S.AQ,Antarctic Terminal Operations,DFQP
612109.00.BP8.3202BP80100S.AQ,Field Support Management,DFSP
612109.00.BP8.3202BP80200S.AQ,Field Support & Training,DFSP
612109.00.BP8.5101BP80400S.AQ,South Pole Area Management,DFYP
612109.00.BP8.7201BP80300S.AQ,Palmer Facilities Maintenance,DFYP
612109.00.BP8.3101BP80300S.AQ,S&TPS Station Implementation,DGJP
612109.00.BP8.3301BP80100S.AQ,Marine Area Management,DGJP
612109.00.BP8.3401BP80100S.AQ,WAIS - Project,DGJP
612109.00.BP8.3401BP80200S.AQ,RAID,DGJP
612109.00.BP8.3401BP80300S.AQ,Science Traverse/SALSA,DGJP
612109.00.BP8.3401BP80600S.AQ,West Antarctic Support/Thwaites,DGJP
612109.00.BP8.3202BP80200S.AQ,Field Support & Training,DGVP
612109.00.BP8.3203BP80100S.AQ,Science Aviation Support,DH9P
612109.00.BP8.7201BP80300S.AQ,Palmer Facilities Maintenance,DHAP
612109.00.BP8.5301BP80200S.AQ,McMurdo ARFF,DHBP
612109.00.BP8.5601BP80200S.AQ,Operation Centers and Antarctic Fire Services,DHDP
612109.00.BP8.5502BP80100S.AQ,McMurdo Fuel Operations,DHEP
612109.00.BP8.5301BP80200S.AQ,McMurdo ARFF,DHJP
612109.00.BP8.5601BP80200S.AQ,Operation Centers and Antarctic Fire Services,DHJP
612109.00.BP8.5301BP80200S.AQ,McMurdo ARFF,DHVP
612109.00.BP8.3202BP80100S.AQ,Field Support Management,DHYP
612109.00.BP8.3401BP80100S.AQ,WAIS - Project,DIFP
612109.00.BP8.3401BP80200S.AQ,RAID,DIFP
612109.00.BP8.3401BP80300S.AQ,Science Traverse/SALSA,DIFP
612109.00.BP8.3401BP80400S.AQ,NASA LDB,DIFP
612109.00.BP8.3402BP80100S.AQ,NASA 88 South,DIFP
612109.00.BP8.3402BP80300S.AQ,South Pole Science Equipment Retrograde,DIFP
612109.00.BP8.3402BP80400S.AQ,Dark Sector Science Support,DIFP
612109.00.BP8.3402BP80500S.AQ,BICEP Array Installation,DIFP
612109.00.BP8.3402BP80600S.AQ,Icecube Upgrade,DIFP
612109.00.BP8.3402BP80700S.AQ,LANDIT South Pole Planetary Oscillation Observatory,DIFP
612109.00.BP8.4401BP81000S.AQ,JPSS MC3,DIFP
612109.00.BP8.7401BP80500S.AQ,McMurdo Repair Bulk Fuel Tanks,DIFP
612109.00.BP8.7401BP81100S.AQ,MCM Morale Facility,DIFP
612109.00.BP8.7402BP80100S.AQ,South Pole BLDG 68 EDM Replacement,DIFP
612109.00.BP8.8101BP80700S.AQ,Project Planning & Controls,DIFP
612109.00.BP8.3401BP80100S.AQ,WAIS - Project,DIHP
612109.00.BP8.5301BP80400S.AQ,Meteorology Support,DJ1P
612109.00.BP8.5601BP80100S.AQ,Search & Rescue,DJ3P
612109.00.BP8.7201BP80100S.AQ,McMurdo Facilities Maintenance,DJ8P
612109.00.BP8.7201BP80200S.AQ,South Pole Facilities Maintenance,DJ8P
612109.00.BP8.3301BP80200S.AQ,Marine Technical Services,DJGP
612109.00.BP8.3202BP80200S.AQ,Field Support & Training,DJLP
612109.00.BP8.3202BP80100S.AQ,Field Support Management,DJVP
612109.00.BP8.3202BP80300S.AQ,Continental Field Camps (Minor),DJVP
612109.00.BP8.3401BP80600S.AQ,West Antarctic Support/Thwaites,DJVP
612109.00.BP8.5501BP80100S.AQ,Marble Point,DJVP
612109.00.BP8.5301BP80100S.AQ,McMurdo Airfield Support,DKCP
612109.00.BP8.7202BP80100S.AQ,McMurdo Utilities,DKEP
612109.00.BP8.3202BP80100S.AQ,Field Support Management,DKHP
612109.00.BP8.3401BP80600S.AQ,West Antarctic Support/Thwaites,DKKP
612109.00.BP8.6501BP80100S.AQ,Supply Operations,DKMP
612109.00.BP8.5202BP80600S.AQ,Mechanical Equipment/Field Energy,DKRP
612109.00.BP8.2101BP80100S.AQ,Safety and Health Engineering,DKUP
612109.00.BP8.7401BP81100S.AQ,MCM Morale Facility,DKUP
612109.00.BP8.5302BP80100S.AQ,Survey Support,DLWP
612109.00.BP8.6601BP80600S.AQ,Antarctic Terminal Operations,DLXP
612109.00.BP8.3202BP80300S.AQ,Continental Field Camps (Minor),DLYP
612109.00.BP8.3401BP80100S.AQ,WAIS - Project,DLYP
612109.00.BP8.3401BP80400S.AQ,NASA LDB,DLYP
612109.00.BP8.3401BP80600S.AQ,West Antarctic Support/Thwaites,DLYP
612109.00.BP8.7301BP80100S.AQ,McMurdo Operational SIP Support,DLYP
612109.00.BP8.7101BP80100S.AQ,Facilities Management,DLZP
612109.00.BP8.3301BP80200S.AQ,Marine Technical Services,DMDP
612109.00.BP8.5101BP80500S.AQ,Palmer Area Management,DMDP
612109.00.BP8.5101BP80400S.AQ,South Pole Area Management,DMGP
612109.00.BP8.6501BP80100S.AQ,Supply Operations,DMGP
612109.00.BP8.3102BP80100S.AQ,McMurdo Lab Services,DMHP
612109.00.BP8.5101BP80400S.AQ,South Pole Area Management,DMHP
612109.00.BP8.6501BP80100S.AQ,Supply Operations,DMHP
612109.00.BP8.5101BP80400S.AQ,South Pole Area Management,DMPP
612109.00.BP8.5101BP80400S.AQ,South Pole Area Management,DMQP
612109.00.BP8.7202BP80300S.AQ,Palmer Utilities,DMQP
612109.00.BP8.7201BP80300S.AQ,Palmer Facilities Maintenance,DMTP
612109.00.BP8.5101BP80400S.AQ,South Pole Area Management,DMVP
612109.00.BP8.5301BP80400S.AQ,Meteorology Support,DMVP
612109.00.BP8.7401BP81100S.AQ,MCM Morale Facility,DNUP
612109.00.BP8.3401BP80100S.AQ,WAIS - Project,DODP
612109.00.BP8.5101BP80400S.AQ,South Pole Area Management,DODP
612109.00.BP8.5201BP80100S.AQ,Operations Traverse,DODP
612109.00.BP8.3202BP80200S.AQ,Field Support & Training,DP9P
612109.00.BP8.7201BP80300S.AQ,Palmer Facilities Maintenance,DPGP
612109.00.BP8.5101BP80400S.AQ,South Pole Area Management,DPLP
612109.00.BP8.5101BP80400S.AQ,South Pole Area Management,DPQP
612109.00.BP8.7201BP80100S.AQ,McMurdo Facilities Maintenance,DPQP
612109.00.BP8.7201BP80200S.AQ,South Pole Facilities Maintenance,DPQP
612109.00.BP8.5101BP80100S.AQ,Operations Management,DPXP
612109.00.BP8.3401BP80300S.AQ,Science Traverse/SALSA,DQIP
612109.00.BP8.5101BP80400S.AQ,South Pole Area Management,DQIP
612109.00.BP8.5201BP80100S.AQ,Operations Traverse,DQIP
612109.00.BP8.5202BP80400S.AQ,McMurdo Equipment Operations,DS1P
612109.00.BP8.3401BP80300S.AQ,Science Traverse/SALSA,DS3P
612109.00.BP8.3401BP80600S.AQ,West Antarctic Support/Thwaites,DS3P
612109.00.BP8.5202BP80600S.AQ,Mechanical Equipment/Field Energy,DS7P
612109.00.BP8.4401BP81200S.AQ,McM Data Center Move FY20-21,DSAP
612109.00.BP8.5101BP80400S.AQ,South Pole Area Management,DSAP
612109.00.BP8.5101BP80400S.AQ,South Pole Area Management,DTDP
612109.00.BP8.7202BP80300S.AQ,Palmer Utilities,DTDP
612109.00.BP8.6601BP80100S.AQ,South Pole Logistics,DTLP
612109.00.BP8.6601BP80600S.AQ,Antarctic Terminal Operations,DTOP
612109.00.BP8.6601BP80600S.AQ,Antarctic Terminal Operations,DTRP
612109.00.BP8.7101BP80100S.AQ,Facilities Management,DUFP
612109.00.BP8.5202BP80400S.AQ,McMurdo Equipment Operations,DUHP
612109.00.BP8.6601BP80600S.AQ,Antarctic Terminal Operations,DUYP
612109.00.BP8.6601BP80600S.AQ,Antarctic Terminal Operations,DUZP
612109.00.BP8.5202BP80100S.AQ,McMurdo Vehicle Maintenance,DV9P
612109.00.BP8.3202BP80100S.AQ,Field Support Management,DVDP
612109.00.BP8.3401BP80100S.AQ,WAIS - Project,DVDP
612109.00.BP8.3401BP80300S.AQ,Science Traverse/SALSA,DVDP
612109.00.BP8.3401BP80600S.AQ,West Antarctic Support/Thwaites,DVDP
612109.00.BP8.5101BP80400S.AQ,South Pole Area Management,DVDP
612109.00.BP8.5201BP80100S.AQ,Operations Traverse,DVDP
612109.00.BP8.5202BP80300S.AQ,South Pole Vehicle Maintenance,DVDP
612109.00.BP8.6601BP80600S.AQ,Antarctic Terminal Operations,DVOP
612109.00.BP8.7101BP80100S.AQ,Facilities Management,DW4P
612109.00.BP8.7401BP80700S.AQ,McMurdo BL143 VMF Boiler Replacement,DW4P
612109.00.BP8.1104BP80200S.AQ,Human Resources/Training,DWVP
612109.00.BP8.7101BP80100S.AQ,Facilities Management,DZ7P
612109.00.BP8.5202BP80400S.AQ,McMurdo Equipment Operations,DZEP
612109.00.BP8.7101BP80100S.AQ,Facilities Management,DZFP
612109.00.BP8.7201BP80100S.AQ,McMurdo Facilities Maintenance,DZGP
612109.00.BP8.5101BP80100S.AQ,Operations Management,DZRP
612109.00.BP8.5101BP80400S.AQ,South Pole Area Management,DZSP
612109.00.BP8.3203BP80100S.AQ,Science Aviation Support,DZWP
612109.00.BP8.6601BP80500S.AQ,Port Hueneme Operations,HLBP
612109.00.BP8.6601BP80600S.AQ,Antarctic Terminal Operations,M3SP
612109.00.BP8.5202BP80100S.AQ,McMurdo Vehicle Maintenance,M9JP
612109.00.BP8.3401BP80100S.AQ,WAIS - Project,M9MP
612109.00.BP8.3401BP80200S.AQ,RAID,M9MP
612109.00.BP8.3401BP80400S.AQ,NASA LDB,M9MP
612109.00.BP8.4401BP81200S.AQ,McM Data Center Move FY20-21,M9MP
612109.00.BP8.6501BP80100S.AQ,Supply Operations,M9MP
612109.00.BP8.3202BP80300S.AQ,Continental Field Camps (Minor),MA8P
612109.00.BP8.3401BP80600S.AQ,West Antarctic Support/Thwaites,MA8P
612109.00.BP8.5101BP80300S.AQ,McMurdo Area Management,MACP
612109.00.BP8.6601BP80600S.AQ,Antarctic Terminal Operations,MACP
612109.00.BP8.5101BP80300S.AQ,McMurdo Area Management,MAKP
612109.00.BP8.5202BP80600S.AQ,Mechanical Equipment/Field Energy,MAKP
612109.00.BP8.6501BP80100S.AQ,Supply Operations,MAKP
612109.00.BP8.7201BP80100S.AQ,McMurdo Facilities Maintenance,MAKP
612109.00.BP8.6601BP80600S.AQ,Antarctic Terminal Operations,MALP
612109.00.BP8.5601BP80200S.AQ,Operation Centers and Antarctic Fire Services,MAUP
612109.00.BP8.1104BP80100S.AQ,Finance,MAYP
612109.00.BP8.6601BP80600S.AQ,Antarctic Terminal Operations,MBGP
612109.00.BP8.6601BP80600S.AQ,Antarctic Terminal Operations,MBHP
612109.00.BP8.5601BP80200S.AQ,Operation Centers and Antarctic Fire Services,MBIP
612109.00.BP8.7202BP80100S.AQ,McMurdo Utilities,MBQP
612109.00.BP8.3202BP80100S.AQ,Field Support Management,MC1P
612109.00.BP8.3401BP80100S.AQ,WAIS - Project,MC1P
612109.00.BP8.3401BP80600S.AQ,West Antarctic Support/Thwaites,MC1P
612109.00.BP8.6601BP80600S.AQ,Antarctic Terminal Operations,MC1P
612109.00.BP8.3202BP80300S.AQ,Continental Field Camps (Minor),MC5P
612109.00.BP8.3401BP80600S.AQ,West Antarctic Support/Thwaites,MC5P
612109.00.BP8.3202BP80300S.AQ,Continental Field Camps (Minor),MCCP
612109.00.BP8.3401BP80200S.AQ,RAID,MCCP
612109.00.BP8.3401BP80400S.AQ,NASA LDB,MCCP
612109.00.BP8.3401BP80600S.AQ,West Antarctic Support/Thwaites,MCCP
612109.00.BP8.3402BP80600S.AQ,Icecube Upgrade,MCCP
612109.00.BP8.4401BP80800S.AQ,Black Island Electrical Work,MCCP
612109.00.BP8.4401BP81000S.AQ,JPSS MC3,MCCP
612109.00.BP8.4401BP81200S.AQ,McM Data Center Move FY20-21,MCCP
612109.00.BP8.7201BP80100S.AQ,McMurdo Facilities Maintenance,MCCP
612109.00.BP8.7301BP80100S.AQ,McMurdo Operational SIP Support,MCCP
612109.00.BP8.7401BP80900S.AQ,McMurdo Renovate Buildings 188 and 166,MCCP
612109.00.BP8.7401BP81100S.AQ,MCM Morale Facility,MCCP
612109.00.INF.M534BP80100S.AQ,INF Outside Plant Infrast,MCCP
612109.00.AIM.M553BP80102S.AQ,AIMS Demolition for VEOC,MCCP
612109.00.RIE.M562BP80400S.AQ,RIES - Antenna,MCCP
612109.00.RIE.M562BP80500S.AQ,RIES - Radome,MCCP
612109.00.RIE.M562BP80800S.AQ,RIES - Facilities,MCCP
612109.00.BP8.3202BP80300S.AQ,Continental Field Camps (Minor),MCDP
612109.00.BP8.3401BP80200S.AQ,RAID,MCDP
612109.00.BP8.3401BP80400S.AQ,NASA LDB,MCDP
612109.00.BP8.3401BP80600S.AQ,West Antarctic Support/Thwaites,MCDP
612109.00.BP8.3402BP80600S.AQ,Icecube Upgrade,MCDP
612109.00.BP8.7201BP80100S.AQ,McMurdo Facilities Maintenance,MCDP
612109.00.BP8.7301BP80100S.AQ,McMurdo Operational SIP Support,MCDP
612109.00.BP8.7401BP80500S.AQ,McMurdo Repair Bulk Fuel Tanks,MCDP
612109.00.BP8.7401BP81100S.AQ,MCM Morale Facility,MCDP
612109.00.BP8.3202BP80300S.AQ,Continental Field Camps (Minor),MCIP
612109.00.BP8.3401BP80200S.AQ,RAID,MCIP
612109.00.BP8.3401BP80400S.AQ,NASA LDB,MCIP
612109.00.BP8.3401BP80600S.AQ,West Antarctic Support/Thwaites,MCIP
612109.00.BP8.3402BP80600S.AQ,Icecube Upgrade,MCIP
612109.00.BP8.7201BP80100S.AQ,McMurdo Facilities Maintenance,MCIP
612109.00.BP8.7301BP80100S.AQ,McMurdo Operational SIP Support,MCIP
612109.00.BP8.7401BP80500S.AQ,McMurdo Repair Bulk Fuel Tanks,MCIP
612109.00.BP8.7401BP80700S.AQ,McMurdo BL143 VMF Boiler Replacement,MCIP
612109.00.INF.M534BP80100S.AQ,INF Outside Plant Infrast,MCIP
612109.00.ITC.M536BP80302S.AQ,IT&C Utilities/Infra,MCIP
612109.00.AIM.M553BP80102S.AQ,AIMS Demolition for VEOC,MCIP
612109.00.AIM.M553BP80103S.AQ,AIMS Demo for Lodging,MCIP
612109.00.BP8.5201BP80100S.AQ,Operations Traverse,MD4P
612109.00.BP8.3401BP80200S.AQ,RAID,MD8P
612109.00.BP8.3401BP80300S.AQ,Science Traverse/SALSA,MD8P
612109.00.BP8.3401BP80600S.AQ,West Antarctic Support/Thwaites,MD8P
612109.00.BP8.3402BP80600S.AQ,Icecube Upgrade,MD8P
612109.00.BP8.5201BP80100S.AQ,Operations Traverse,MD8P
612109.00.BP8.5801BP80200S.AQ,Shear Zone Route Relocation Project,MD8P
612109.00.BP8.3401BP80400S.AQ,NASA LDB,MDOP
612109.00.BP8.7201BP80100S.AQ,McMurdo Facilities Maintenance,MDOP
612109.00.BP8.7401BP80700S.AQ,McMurdo BL143 VMF Boiler Replacement,MDOP
612109.00.BP8.3401BP80400S.AQ,NASA LDB,MDXP
612109.00.BP8.7301BP80100S.AQ,McMurdo Operational SIP Support,MDXP
612109.00.BP8.7401BP81100S.AQ,MCM Morale Facility,MDXP
612109.00.BP8.5202BP80600S.AQ,Mechanical Equipment/Field Energy,MDZP
612109.00.BP8.2101BP80100S.AQ,Safety and Health Engineering,ME4P
612109.00.BP8.3401BP80400S.AQ,NASA LDB,MEAP
612109.00.BP8.7201BP80100S.AQ,McMurdo Facilities Maintenance,MEAP
612109.00.BP8.7301BP80100S.AQ,McMurdo Operational SIP Support,MEAP
612109.00.AIM.M553BP80102S.AQ,AIMS Demolition for VEOC,MEAP
612109.00.BP8.3401BP80400S.AQ,NASA LDB,MEBP
612109.00.BP8.3401BP80600S.AQ,West Antarctic Support/Thwaites,MEBP
612109.00.BP8.4401BP81300S.AQ,Black Island Antenna Control System Replacement,MEBP
612109.00.BP8.7201BP80100S.AQ,McMurdo Facilities Maintenance,MEBP
612109.00.BP8.7301BP80100S.AQ,McMurdo Operational SIP Support,MEBP
612109.00.BP8.7401BP80700S.AQ,McMurdo BL143 VMF Boiler Replacement,MEBP
612109.00.BP8.3202BP80300S.AQ,Continental Field Camps (Minor),MECP
612109.00.BP8.3401BP80200S.AQ,RAID,MECP
612109.00.BP8.3401BP80400S.AQ,NASA LDB,MECP
612109.00.BP8.3401BP80600S.AQ,West Antarctic Support/Thwaites,MECP
612109.00.BP8.3402BP80600S.AQ,Icecube Upgrade,MECP
612109.00.BP8.4401BP80800S.AQ,Black Island Electrical Work,MECP
612109.00.BP8.4401BP81000S.AQ,JPSS MC3,MECP
612109.00.BP8.7201BP80100S.AQ,McMurdo Facilities Maintenance,MECP
612109.00.BP8.7301BP80100S.AQ,McMurdo Operational SIP Support,MECP
612109.00.BP8.7401BP80300S.AQ,McMurdo Install Keltron Wireless Communication Conversion,MECP
612109.00.BP8.7401BP80700S.AQ,McMurdo BL143 VMF Boiler Replacement,MECP
612109.00.BP8.7401BP81000S.AQ,AIMS Transition Support,MECP
612109.00.BP8.7401BP81100S.AQ,MCM Morale Facility,MECP
612109.00.BP8.8101BP80200S.AQ,Project Initiation,MECP
612109.00.INF.M534BP80100S.AQ,INF Outside Plant Infrast,MECP
612109.00.AIM.M553BP80103S.AQ,AIMS Demo for Lodging,MECP
612109.00.RIE.M562BP80400S.AQ,RIES - Antenna,MECP
612109.00.RIE.M562BP80500S.AQ,RIES - Radome,MECP
612109.00.RIE.M562BP80800S.AQ,RIES - Facilities,MECP
612109.00.BP8.4401BP81000S.AQ,JPSS MC3,MEHP
612109.00.BP8.5302BP80100S.AQ,Survey Support,MEHP
612109.00.INF.M534BP80100S.AQ,INF Outside Plant Infrast,MEHP
612109.00.ITC.M536BP80302S.AQ,IT&C Utilities/Infra,MEHP
612109.00.AIM.M552BP80401S.AQ,AIMS Aggregate for VEOC,MEHP
612109.00.AIM.M553BP80102S.AQ,AIMS Demolition for VEOC,MEHP
612109.00.AIM.M559BP80101S.AQ,AIMS VEOC - Facilities Construction,MEHP
612109.00.RIE.M562BP80400S.AQ,RIES - Antenna,MEHP
612109.00.RIE.M562BP80500S.AQ,RIES - Radome,MEHP
612109.00.RIE.M562BP80700S.AQ,RIES - Civil,MEHP
612109.00.BP8.5801BP80200S.AQ,Shear Zone Route Relocation Project,MEMP
612109.00.ITC.M536BP80304S.AQ,IT&C ASC Site Support,MEMP
612109.00.AIM.M552BP80104S.AQ,AIMS Site Maint.& Support,MEMP
612109.00.AIM.M552BP80401S.AQ,AIMS Aggregate for VEOC,MEMP
612109.00.AIM.M553BP80103S.AQ,AIMS Demo for Lodging,MEMP
612109.00.AIM.M559BP80101S.AQ,AIMS VEOC - Facilities Construction,MEMP
612109.00.BP8.5202BP80400S.AQ,McMurdo Equipment Operations,MENP
612109.00.ITC.M536BP80304S.AQ,IT&C ASC Site Support,MENP
612109.00.AIM.M552BP80104S.AQ,AIMS Site Maint.& Support,MENP
612109.00.AIM.M552BP80401S.AQ,AIMS Aggregate for VEOC,MENP
612109.00.AIM.M553BP80103S.AQ,AIMS Demo for Lodging,MENP
612109.00.AIM.M559BP80101S.AQ,AIMS VEOC - Facilities Construction,MENP
612109.00.BP8.3401BP80400S.AQ,NASA LDB,MEOP
612109.00.BP8.7201BP80100S.AQ,McMurdo Facilities Maintenance,MEOP
612109.00.BP8.7301BP80100S.AQ,McMurdo Operational SIP Support,MEOP
612109.00.BP8.7201BP80100S.AQ,McMurdo Facilities Maintenance,MEXP
612109.00.BP8.5601BP80200S.AQ,Operation Centers and Antarctic Fire Services,MF3P
612109.00.BP8.3202BP80300S.AQ,Continental Field Camps (Minor),MF5P
612109.00.BP8.5502BP80100S.AQ,McMurdo Fuel Operations,MFEP
612109.00.BP8.7401BP80500S.AQ,McMurdo Repair Bulk Fuel Tanks,MFEP
612109.00.BP8.5601BP80200S.AQ,Operation Centers and Antarctic Fire Services,MFHP
612109.00.BP8.5502BP80100S.AQ,McMurdo Fuel Operations,MFLP
612109.00.BP8.6601BP80600S.AQ,Antarctic Terminal Operations,MFQP
612109.00.BP8.3202BP80200S.AQ,Field Support & Training,MFSP
612109.00.BP8.3202BP80300S.AQ,Continental Field Camps (Minor),MFSP
612109.00.BP8.3401BP80200S.AQ,RAID,MFSP
612109.00.BP8.3401BP80400S.AQ,NASA LDB,MFSP
612109.00.BP8.3401BP80600S.AQ,West Antarctic Support/Thwaites,MFSP
612109.00.BP8.3402BP80100S.AQ,NASA 88 South,MFSP
612109.00.BP8.3401BP80400S.AQ,NASA LDB,MFYP
612109.00.BP8.7201BP80100S.AQ,McMurdo Facilities Maintenance,MFYP
612109.00.BP8.5301BP80100S.AQ,McMurdo Airfield Support,MG5P
612109.00.BP8.7202BP80100S.AQ,McMurdo Utilities,MGEP
612109.00.BP8.5202BP80600S.AQ,Mechanical Equipment/Field Energy,MGIP
612109.00.BP8.3202BP80300S.AQ,Continental Field Camps (Minor),MGLP
612109.00.BP8.3401BP80400S.AQ,NASA LDB,MGLP
612109.00.BP8.3401BP80600S.AQ,West Antarctic Support/Thwaites,MGLP
612109.00.BP8.5501BP80100S.AQ,Marble Point,MGLP
612109.00.BP8.5502BP80100S.AQ,McMurdo Fuel Operations,MGLP
612109.00.BP8.7401BP80500S.AQ,McMurdo Repair Bulk Fuel Tanks,MGLP
612109.00.BP8.1104BP80100S.AQ,Finance,MGMP
612109.00.BP8.1104BP80200S.AQ,Human Resources/Training,MGMP
612109.00.BP8.3202BP80200S.AQ,Field Support & Training,MGVP
612109.00.BP8.3401BP80400S.AQ,NASA LDB,MGVP
612109.00.BP8.7401BP81100S.AQ,MCM Morale Facility,MGVP
612109.00.BP8.5202BP80400S.AQ,McMurdo Equipment Operations,MH6P
612109.00.AIM.M552BP80401S.AQ,AIMS Aggregate for VEOC,MH6P
612109.00.BP8.3203BP80100S.AQ,Science Aviation Support,MH9P
612109.00.BP8.3401BP80500S.AQ,NASA RISE-UP,MH9P
612109.00.BP8.5301BP80200S.AQ,McMurdo ARFF,MHBP
612109.00.BP8.5601BP80200S.AQ,Operation Centers and Antarctic Fire Services,MHBP
612109.00.BP8.5601BP80200S.AQ,Operation Centers and Antarctic Fire Services,MHDP
612109.00.BP8.5502BP80100S.AQ,McMurdo Fuel Operations,MHEP
612109.00.BP8.5301BP80200S.AQ,McMurdo ARFF,MHJP
612109.00.BP8.5601BP80200S.AQ,Operation Centers and Antarctic Fire Services,MHJP
612109.00.BP8.3401BP80400S.AQ,NASA LDB,MHQP
612109.00.BP8.5501BP80100S.AQ,Marble Point,MHQP
612109.00.BP8.5502BP80100S.AQ,McMurdo Fuel Operations,MHQP
612109.00.BP8.7401BP80500S.AQ,McMurdo Repair Bulk Fuel Tanks,MHQP
612109.00.BP8.5301BP80200S.AQ,McMurdo ARFF,MHVP
612109.00.BP8.5601BP80200S.AQ,Operation Centers and Antarctic Fire Services,MHVP
612109.00.BP8.3202BP80100S.AQ,Field Support Management,MHYP
612109.00.BP8.3401BP80100S.AQ,WAIS - Project,MICP
612109.00.BP8.3401BP80200S.AQ,RAID,MICP
612109.00.BP8.4401BP81200S.AQ,McM Data Center Move FY20-21,MICP
612109.00.BP8.6501BP80100S.AQ,Supply Operations,MICP
612109.00.BP8.3401BP80100S.AQ,WAIS - Project,MIDP
612109.00.BP8.3401BP80200S.AQ,RAID,MIDP
612109.00.BP8.3401BP80600S.AQ,West Antarctic Support/Thwaites,MIDP
612109.00.BP8.4401BP81200S.AQ,McM Data Center Move FY20-21,MIDP
612109.00.BP8.6501BP80100S.AQ,Supply Operations,MIDP
612109.00.BP8.3401BP80100S.AQ,WAIS - Project,MIFP
612109.00.BP8.3401BP80200S.AQ,RAID,MIFP
612109.00.BP8.3401BP80300S.AQ,Science Traverse/SALSA,MIFP
612109.00.BP8.3401BP80400S.AQ,NASA LDB,MIFP
612109.00.BP8.3402BP80600S.AQ,Icecube Upgrade,MIFP
612109.00.BP8.4401BP81000S.AQ,JPSS MC3,MIFP
612109.00.BP8.7401BP80300S.AQ,McMurdo Install Keltron Wireless Communication Conversion,MIFP
612109.00.BP8.7401BP80500S.AQ,McMurdo Repair Bulk Fuel Tanks,MIFP
612109.00.BP8.7401BP81100S.AQ,MCM Morale Facility,MIFP
612109.00.BP8.8101BP80700S.AQ,Project Planning & Controls,MIFP
612109.00.BP8.7201BP80100S.AQ,McMurdo Facilities Maintenance,MIGP
612109.00.BP8.7401BP80700S.AQ,McMurdo BL143 VMF Boiler Replacement,MIGP
612109.00.BP8.5601BP80200S.AQ,Operation Centers and Antarctic Fire Services,MIMP
612109.00.BP8.5301BP80400S.AQ,Meteorology Support,MJ1P
612109.00.BP8.3401BP80400S.AQ,NASA LDB,MJ3P
612109.00.BP8.5601BP80100S.AQ,Search & Rescue,MJ3P
612109.00.BP8.6601BP80600S.AQ,Antarctic Terminal Operations,MJ5P
612109.00.BP8.7201BP80100S.AQ,McMurdo Facilities Maintenance,MJ8P
612109.00.BP8.3202BP80200S.AQ,Field Support & Training,MJLP
612109.00.BP8.3401BP80500S.AQ,NASA RISE-UP,MJLP
612109.00.BP8.3202BP80300S.AQ,Continental Field Camps (Minor),MJVP
612109.00.BP8.3401BP80200S.AQ,RAID,MJVP
612109.00.BP8.5501BP80100S.AQ,Marble Point,MJVP
612109.00.BP8.3202BP80200S.AQ,Field Support & Training,MK2P
612109.00.BP8.5101BP80100S.AQ,Operations Management,MK4P
612109.00.BP8.5301BP80100S.AQ,McMurdo Airfield Support,MKBP
612109.00.BP8.5301BP80100S.AQ,McMurdo Airfield Support,MKCP
612109.00.BP8.7202BP80100S.AQ,McMurdo Utilities,MKDP
612109.00.BP8.7202BP80100S.AQ,McMurdo Utilities,MKEP
612109.00.BP8.3202BP80100S.AQ,Field Support Management,MKHP
612109.00.BP8.3402BP80100S.AQ,NASA 88 South,MKHP
612109.00.BP8.5201BP80100S.AQ,Operations Traverse,MKKP
612109.00.BP8.5202BP80400S.AQ,McMurdo Equipment Operations,MKKP
612109.00.AIM.M552BP80401S.AQ,AIMS Aggregate for VEOC,MKKP
612109.00.BP8.6501BP80100S.AQ,Supply Operations,MKMP
612109.00.BP8.5301BP80100S.AQ,McMurdo Airfield Support,MKPP
612109.00.BP8.3401BP80500S.AQ,NASA RISE-UP,MKRP
612109.00.BP8.5202BP80600S.AQ,Mechanical Equipment/Field Energy,MKRP
612109.00.RIE.M562BP80700S.AQ,RIES - Civil,MKUP
612109.00.RIE.M564BP80400S.AQ,RIES - Transition to Operations,MKUP
612109.00.BP8.3401BP80200S.AQ,RAID,MLBP
612109.00.BP8.7201BP80100S.AQ,McMurdo Facilities Maintenance,MLBP
612109.00.BP8.7202BP80100S.AQ,McMurdo Utilities,MLDP
612109.00.BP8.5302BP80100S.AQ,Survey Support,MLWP
612109.00.AIM.M552BP80401S.AQ,AIMS Aggregate for VEOC,MLWP
612109.00.AIM.M553BP80102S.AQ,AIMS Demolition for VEOC,MLWP
612109.00.AIM.M559BP80101S.AQ,AIMS VEOC - Facilities Construction,MLWP
612109.00.BP8.6501BP80100S.AQ,Supply Operations,MLXP
612109.00.BP8.6601BP80600S.AQ,Antarctic Terminal Operations,MLXP
612109.00.BP8.3202BP80300S.AQ,Continental Field Camps (Minor),MLYP
612109.00.BP8.3401BP80100S.AQ,WAIS - Project,MLYP
612109.00.BP8.3401BP80200S.AQ,RAID,MLYP
612109.00.BP8.3401BP80400S.AQ,NASA LDB,MLYP
612109.00.BP8.3401BP80600S.AQ,West Antarctic Support/Thwaites,MLYP
612109.00.BP8.4401BP81000S.AQ,JPSS MC3,MLYP
612109.00.BP8.7301BP80100S.AQ,McMurdo Operational SIP Support,MLYP
612109.00.BP8.7401BP80500S.AQ,McMurdo Repair Bulk Fuel Tanks,MLYP
612109.00.BP8.7401BP80700S.AQ,McMurdo BL143 VMF Boiler Replacement,MLYP
612109.00.BP8.7401BP80900S.AQ,McMurdo Renovate Buildings 188 and 166,MLYP
612109.00.BP8.7401BP81100S.AQ,MCM Morale Facility,MLYP
612109.00.INF.M534BP80300S.AQ,INF Ancillary/Deployment,MLYP
612109.00.AIM.M553BP80102S.AQ,AIMS Demolition for VEOC,MLYP
612109.00.BP8.5202BP80100S.AQ,McMurdo Vehicle Maintenance,MMAP
612109.00.BP8.7301BP80100S.AQ,McMurdo Operational SIP Support,MMAP
612109.00.BP8.3401BP80200S.AQ,RAID,MMGP
612109.00.BP8.3401BP80300S.AQ,Science Traverse/SALSA,MMGP
612109.00.BP8.3401BP80400S.AQ,NASA LDB,MMGP
612109.00.BP8.3401BP80600S.AQ,West Antarctic Support/Thwaites,MMGP
612109.00.BP8.3402BP80700S.AQ,LANDIT South Pole Planetary Oscillation Observatory,MMGP
612109.00.BP8.4401BP80800S.AQ,Black Island Electrical Work,MMGP
612109.00.BP8.4401BP81000S.AQ,JPSS MC3,MMGP
612109.00.BP8.4401BP81200S.AQ,McM Data Center Move FY20-21,MMGP
612109.00.BP8.6501BP80100S.AQ,Supply Operations,MMGP
612109.00.BP8.6601BP80600S.AQ,Antarctic Terminal Operations,MMGP
612109.00.BP8.7401BP80300S.AQ,McMurdo Install Keltron Wireless Communication Conversion,MMGP
612109.00.BP8.7401BP80500S.AQ,McMurdo Repair Bulk Fuel Tanks,MMGP
612109.00.BP8.7401BP80700S.AQ,McMurdo BL143 VMF Boiler Replacement,MMGP
612109.00.BP8.7401BP80900S.AQ,McMurdo Renovate Buildings 188 and 166,MMGP
612109.00.BP8.7401BP81100S.AQ,MCM Morale Facility,MMGP
612109.00.AIM.M553BP80102S.AQ,AIMS Demolition for VEOC,MMGP
612109.00.RIE.M562BP80700S.AQ,RIES - Civil,MMGP
612109.00.RIE.M564BP80400S.AQ,RIES - Transition to Operations,MMGP
612109.00.BP8.3401BP80100S.AQ,WAIS - Project,MMHP
612109.00.BP8.3401BP80200S.AQ,RAID,MMHP
612109.00.BP8.3401BP80400S.AQ,NASA LDB,MMHP
612109.00.BP8.3401BP80600S.AQ,West Antarctic Support/Thwaites,MMHP
612109.00.BP8.3402BP80700S.AQ,LANDIT South Pole Planetary Oscillation Observatory,MMHP
612109.00.BP8.4401BP80800S.AQ,Black Island Electrical Work,MMHP
612109.00.BP8.4401BP81000S.AQ,JPSS MC3,MMHP
612109.00.BP8.4401BP81200S.AQ,McM Data Center Move FY20-21,MMHP
612109.00.BP8.6501BP80100S.AQ,Supply Operations,MMHP
612109.00.BP8.6601BP80600S.AQ,Antarctic Terminal Operations,MMHP
612109.00.BP8.7401BP80300S.AQ,McMurdo Install Keltron Wireless Communication Conversion,MMHP
612109.00.BP8.7401BP80500S.AQ,McMurdo Repair Bulk Fuel Tanks,MMHP
612109.00.BP8.7401BP80700S.AQ,McMurdo BL143 VMF Boiler Replacement,MMHP
612109.00.BP8.7401BP80900S.AQ,McMurdo Renovate Buildings 188 and 166,MMHP
612109.00.BP8.7401BP81100S.AQ,MCM Morale Facility,MMHP
612109.00.INF.M534BP80300S.AQ,INF Ancillary/Deployment,MMHP
612109.00.ITC.M536BP80101S.AQ,IT&C Proj Mgmt & Support,MMHP
612109.00.BP8.3401BP80400S.AQ,NASA LDB,MMIP
612109.00.BP8.7201BP80100S.AQ,McMurdo Facilities Maintenance,MMIP
612109.00.BP8.7401BP80700S.AQ,McMurdo BL143 VMF Boiler Replacement,MMIP
612109.00.BP8.3401BP80200S.AQ,RAID,MMPP
612109.00.BP8.3401BP80400S.AQ,NASA LDB,MMPP
612109.00.BP8.3402BP80600S.AQ,Icecube Upgrade,MMPP
612109.00.BP8.7202BP80100S.AQ,McMurdo Utilities,MMPP
612109.00.BP8.3202BP80300S.AQ,Continental Field Camps (Minor),MMTP
612109.00.BP8.3401BP80200S.AQ,RAID,MMTP
612109.00.BP8.3401BP80400S.AQ,NASA LDB,MMTP
612109.00.BP8.3401BP80600S.AQ,West Antarctic Support/Thwaites,MMTP
612109.00.BP8.7201BP80100S.AQ,McMurdo Facilities Maintenance,MMTP
612109.00.BP8.7401BP80700S.AQ,McMurdo BL143 VMF Boiler Replacement,MMTP
612109.00.BP8.6601BP80600S.AQ,Antarctic Terminal Operations,MMUP
612109.00.BP8.3203BP80100S.AQ,Science Aviation Support,MN1P
612109.00.BP8.3401BP80500S.AQ,NASA RISE-UP,MN1P
612109.00.BP8.3202BP80200S.AQ,Field Support & Training,MNQP
612109.00.BP8.5202BP80400S.AQ,McMurdo Equipment Operations,MOBP
612109.00.BP8.3202BP80300S.AQ,Continental Field Camps (Minor),MODP
612109.00.BP8.3401BP80100S.AQ,WAIS - Project,MODP
612109.00.BP8.3401BP80200S.AQ,RAID,MODP
612109.00.BP8.3401BP80300S.AQ,Science Traverse/SALSA,MODP
612109.00.BP8.3401BP80400S.AQ,NASA LDB,MODP
612109.00.BP8.3401BP80600S.AQ,West Antarctic Support/Thwaites,MODP
612109.00.BP8.3402BP80600S.AQ,Icecube Upgrade,MODP
612109.00.BP8.4401BP81000S.AQ,JPSS MC3,MODP
612109.00.BP8.5201BP80100S.AQ,Operations Traverse,MODP
612109.00.BP8.5202BP80400S.AQ,McMurdo Equipment Operations,MODP
612109.00.BP8.5801BP80200S.AQ,Shear Zone Route Relocation Project,MODP
612109.00.BP8.7401BP80500S.AQ,McMurdo Repair Bulk Fuel Tanks,MODP
612109.00.INF.M534BP80100S.AQ,INF Outside Plant Infrast,MODP
612109.00.ITC.M536BP80302S.AQ,IT&C Utilities/Infra,MODP
612109.00.ITC.M536BP80304S.AQ,IT&C ASC Site Support,MODP
612109.00.AIM.M552BP80104S.AQ,AIMS Site Maint.& Support,MODP
612109.00.AIM.M552BP80301S.AQ,AIMS Logistics & Shipping,MODP
612109.00.AIM.M552BP80401S.AQ,AIMS Aggregate for VEOC,MODP
612109.00.AIM.M553BP80102S.AQ,AIMS Demolition for VEOC,MODP
612109.00.AIM.M553BP80103S.AQ,AIMS Demo for Lodging,MODP
612109.00.AIM.M559BP80101S.AQ,AIMS VEOC - Facilities Construction,MODP
612109.00.RIE.M562BP80400S.AQ,RIES - Antenna,MODP
612109.00.RIE.M562BP80500S.AQ,RIES - Radome,MODP
612109.00.RIE.M562BP80800S.AQ,RIES - Facilities,MODP
612109.00.BP8.3401BP80200S.AQ,RAID,MOEP
612109.00.BP8.3401BP80300S.AQ,Science Traverse/SALSA,MOEP
612109.00.BP8.3401BP80400S.AQ,NASA LDB,MOEP
612109.00.BP8.4401BP81000S.AQ,JPSS MC3,MOEP
612109.00.BP8.5202BP80400S.AQ,McMurdo Equipment Operations,MOEP
612109.00.BP8.7401BP80500S.AQ,McMurdo Repair Bulk Fuel Tanks,MOEP
612109.00.ITC.M536BP80304S.AQ,IT&C ASC Site Support,MOEP
612109.00.AIM.M553BP80102S.AQ,AIMS Demolition for VEOC,MOEP
612109.00.RIE.M562BP80400S.AQ,RIES - Antenna,MOEP
612109.00.RIE.M562BP80500S.AQ,RIES - Radome,MOEP
612109.00.BP8.6601BP80600S.AQ,Antarctic Terminal Operations,MOFP
612109.00.BP8.6601BP80600S.AQ,Antarctic Terminal Operations,MOLP
612109.00.BP8.3202BP80200S.AQ,Field Support & Training,MP9P
612109.00.BP8.3401BP80400S.AQ,NASA LDB,MP9P
612109.00.BP8.6601BP80600S.AQ,Antarctic Terminal Operations,MPFP
612109.00.BP8.3401BP80200S.AQ,RAID,MPKP
612109.00.BP8.3401BP80300S.AQ,Science Traverse/SALSA,MPKP
612109.00.BP8.4401BP81000S.AQ,JPSS MC3,MPKP
612109.00.BP8.5202BP80100S.AQ,McMurdo Vehicle Maintenance,MPKP
612109.00.BP8.7201BP80100S.AQ,McMurdo Facilities Maintenance,MPKP
612109.00.BP8.7401BP80500S.AQ,McMurdo Repair Bulk Fuel Tanks,MPKP
612109.00.BP8.7401BP80700S.AQ,McMurdo BL143 VMF Boiler Replacement,MPKP
612109.00.RIE.M562BP80400S.AQ,RIES - Antenna,MPKP
612109.00.RIE.M562BP80500S.AQ,RIES - Radome,MPKP
612109.00.BP8.3401BP80200S.AQ,RAID,MPLP
612109.00.BP8.3401BP80400S.AQ,NASA LDB,MPLP
612109.00.BP8.3401BP80600S.AQ,West Antarctic Support/Thwaites,MPLP
612109.00.BP8.7201BP80100S.AQ,McMurdo Facilities Maintenance,MPLP
612109.00.BP8.7301BP80100S.AQ,McMurdo Operational SIP Support,MPLP
612109.00.BP8.7401BP80700S.AQ,McMurdo BL143 VMF Boiler Replacement,MPLP
612109.00.BP8.7401BP81000S.AQ,AIMS Transition Support,MPLP
612109.00.BP8.7401BP81100S.AQ,MCM Morale Facility,MPLP
612109.00.AIM.M553BP80103S.AQ,AIMS Demo for Lodging,MPLP
612109.00.BP8.3401BP80400S.AQ,NASA LDB,MPMP
612109.00.BP8.7201BP80100S.AQ,McMurdo Facilities Maintenance,MPMP
612109.00.BP8.7401BP80700S.AQ,McMurdo BL143 VMF Boiler Replacement,MPMP
612109.00.BP8.7401BP81000S.AQ,AIMS Transition Support,MPMP
612109.00.BP8.7201BP80100S.AQ,McMurdo Facilities Maintenance,MPQP
612109.00.BP8.7201BP80100S.AQ,McMurdo Facilities Maintenance,MPUP
612109.00.BP8.5101BP80100S.AQ,Operations Management,MPXP
612109.00.BP8.3202BP80200S.AQ,Field Support & Training,MQ8P
612109.00.BP8.3202BP80300S.AQ,Continental Field Camps (Minor),MQIP
612109.00.BP8.3401BP80200S.AQ,RAID,MQIP
612109.00.BP8.3401BP80300S.AQ,Science Traverse/SALSA,MQIP
612109.00.BP8.3401BP80600S.AQ,West Antarctic Support/Thwaites,MQIP
612109.00.BP8.5201BP80100S.AQ,Operations Traverse,MQIP
612109.00.BP8.5202BP80100S.AQ,McMurdo Vehicle Maintenance,MQIP
612109.00.BP8.5801BP80200S.AQ,Shear Zone Route Relocation Project,MQIP
612109.00.ITC.M536BP80304S.AQ,IT&C ASC Site Support,MQIP
612109.00.AIM.M552BP80103S.AQ,AIMS Heavy Equip & Suppor,MQIP
612109.00.BP8.5202BP80100S.AQ,McMurdo Vehicle Maintenance,MQOP
612109.00.BP8.3202BP80300S.AQ,Continental Field Camps (Minor),MQQP
612109.00.BP8.3401BP80500S.AQ,NASA RISE-UP,MQQP
612109.00.BP8.3402BP80100S.AQ,NASA 88 South,MQQP
612109.00.BP8.5202BP80100S.AQ,McMurdo Vehicle Maintenance,MQQP
612109.00.BP8.5202BP80600S.AQ,Mechanical Equipment/Field Energy,MQQP
612109.00.ITC.M536BP80304S.AQ,IT&C ASC Site Support,MQQP
612109.00.BP8.3401BP80400S.AQ,NASA LDB,MS1P
612109.00.BP8.5202BP80400S.AQ,McMurdo Equipment Operations,MS1P
612109.00.BP8.7401BP80500S.AQ,McMurdo Repair Bulk Fuel Tanks,MS1P
612109.00.ITC.M536BP80304S.AQ,IT&C ASC Site Support,MS1P
612109.00.AIM.M552BP80401S.AQ,AIMS Aggregate for VEOC,MS1P
612109.00.AIM.M559BP80101S.AQ,AIMS VEOC - Facilities Construction,MS1P
612109.00.BP8.3202BP80100S.AQ,Field Support Management,MS3P
612109.00.BP8.3401BP80200S.AQ,RAID,MS3P
612109.00.BP8.3401BP80600S.AQ,West Antarctic Support/Thwaites,MS3P
612109.00.BP8.3402BP80100S.AQ,NASA 88 South,MS3P
612109.00.BP8.5201BP80100S.AQ,Operations Traverse,MS3P
612109.00.BP8.5801BP80200S.AQ,Shear Zone Route Relocation Project,MS3P
612109.00.BP8.5202BP80600S.AQ,Mechanical Equipment/Field Energy,MS7P
612109.00.BP8.5202BP80100S.AQ,McMurdo Vehicle Maintenance,MS9P
612109.00.BP8.2101BP80100S.AQ,Safety and Health Engineering,MSAP
612109.00.BP8.4401BP81000S.AQ,JPSS MC3,MSAP
612109.00.BP8.7401BP80500S.AQ,McMurdo Repair Bulk Fuel Tanks,MSAP
612109.00.BP8.7401BP81100S.AQ,MCM Morale Facility,MSAP
612109.00.AIM.M559BP80101S.AQ,AIMS VEOC - Facilities Construction,MSAP
612109.00.BP8.7201BP80100S.AQ,McMurdo Facilities Maintenance,MSNP
612109.00.BP8.7301BP80100S.AQ,McMurdo Operational SIP Support,MSNP
612109.00.BP8.7401BP80700S.AQ,McMurdo BL143 VMF Boiler Replacement,MSNP
612109.00.BP8.3402BP80600S.AQ,Icecube Upgrade,MSOP
612109.00.BP8.7201BP80100S.AQ,McMurdo Facilities Maintenance,MSOP
612109.00.BP8.7401BP80700S.AQ,McMurdo BL143 VMF Boiler Replacement,MSOP
612109.00.BP8.6501BP80100S.AQ,Supply Operations,MSSP
612109.00.BP8.6601BP80600S.AQ,Antarctic Terminal Operations,MSSP
612109.00.BP8.7201BP80100S.AQ,McMurdo Facilities Maintenance,MSWP
612109.00.BP8.5202BP80100S.AQ,McMurdo Vehicle Maintenance,MSXP
612109.00.BP8.7202BP80100S.AQ,McMurdo Utilities,MTBP
612109.00.BP8.7202BP80100S.AQ,McMurdo Utilities,MTDP
612109.00.BP8.6501BP80100S.AQ,Supply Operations,MTOP
612109.00.BP8.6601BP80600S.AQ,Antarctic Terminal Operations,MTOP
612109.00.BP8.6601BP80600S.AQ,Antarctic Terminal Operations,MTRP
612109.00.BP8.7101BP80100S.AQ,Facilities Management,MUFP
612109.00.BP8.5202BP80400S.AQ,McMurdo Equipment Operations,MUHP
612109.00.BP8.7401BP80900S.AQ,McMurdo Renovate Buildings 188 and 166,MUSP
612109.00.INF.M534BP80300S.AQ,INF Ancillary/Deployment,MUSP
612109.00.ITC.M536BP80101S.AQ,IT&C Proj Mgmt & Support,MUSP
612109.00.ITC.M536BP80304S.AQ,IT&C ASC Site Support,MUSP
612109.00.RIE.M564BP80400S.AQ,RIES - Transition to Operations,MUSP
612109.00.BP8.6601BP80600S.AQ,Antarctic Terminal Operations,MUWP
612109.00.BP8.6501BP80100S.AQ,Supply Operations,MUXP
612109.00.BP8.6601BP80600S.AQ,Antarctic Terminal Operations,MUXP
612109.00.BP8.3401BP80100S.AQ,WAIS - Project,MUYP
612109.00.BP8.3401BP80600S.AQ,West Antarctic Support/Thwaites,MUYP
612109.00.BP8.6601BP80600S.AQ,Antarctic Terminal Operations,MUYP
612109.00.BP8.6501BP80100S.AQ,Supply Operations,MUZP
612109.00.BP8.6601BP80600S.AQ,Antarctic Terminal Operations,MUZP
612109.00.BP8.5202BP80100S.AQ,McMurdo Vehicle Maintenance,MV9P
612109.00.BP8.3202BP80100S.AQ,Field Support Management,MVDP
612109.00.BP8.3401BP80300S.AQ,Science Traverse/SALSA,MVDP
612109.00.BP8.3401BP80600S.AQ,West Antarctic Support/Thwaites,MVDP
612109.00.BP8.5201BP80100S.AQ,Operations Traverse,MVDP
612109.00.BP8.5202BP80100S.AQ,McMurdo Vehicle Maintenance,MVDP
612109.00.BP8.3401BP80200S.AQ,RAID,MVLP
612109.00.BP8.3401BP80300S.AQ,Science Traverse/SALSA,MVLP
612109.00.BP8.3402BP80600S.AQ,Icecube Upgrade,MVLP
612109.00.INF.M534BP80100S.AQ,INF Outside Plant Infrast,MVLP
612109.00.ITC.M536BP80101S.AQ,IT&C Proj Mgmt & Support,MVLP
612109.00.BP8.6601BP80600S.AQ,Antarctic Terminal Operations,MVOP
612109.00.BP8.5202BP80100S.AQ,McMurdo Vehicle Maintenance,MW9P
612109.00.BP8.7202BP80100S.AQ,McMurdo Utilities,MWSP
612109.00.BP8.1104BP80200S.AQ,Human Resources/Training,MWVP
612109.00.BP8.3401BP80400S.AQ,NASA LDB,MZ7P
612109.00.BP8.4401BP80800S.AQ,Black Island Electrical Work,MZ7P
612109.00.BP8.7101BP80100S.AQ,Facilities Management,MZ7P
612109.00.BP8.7401BP80300S.AQ,McMurdo Install Keltron Wireless Communication Conversion,MZ7P
612109.00.BP8.5202BP80400S.AQ,McMurdo Equipment Operations,MZEP
612109.00.BP8.7101BP80100S.AQ,Facilities Management,MZFP
612109.00.BP8.7201BP80100S.AQ,McMurdo Facilities Maintenance,MZGP
612109.00.BP8.7202BP80100S.AQ,McMurdo Utilities,MZPP
612109.00.BP8.7201BP80100S.AQ,McMurdo Facilities Maintenance,MZSP
612109.00.BP8.3203BP80100S.AQ,Science Aviation Support,MZWP
612109.00.BP8.6601BP80200S.AQ,Peninsula Area Logistics,PBGP
612109.00.BP8.7403BP80200S.AQ,Palmer Waste Heat from GWR to Biolab Extension,PBGP
612109.00.BP8.6601BP80200S.AQ,Peninsula Area Logistics,PBHP
612109.00.BP8.7201BP80300S.AQ,Palmer Facilities Maintenance,PCCP
612109.00.BP8.7201BP80300S.AQ,Palmer Facilities Maintenance,PECP
612109.00.BP8.7201BP80300S.AQ,Palmer Facilities Maintenance,PFYP
612109.00.BP8.7201BP80300S.AQ,Palmer Facilities Maintenance,PHAP
612109.00.BP8.5601BP80200S.AQ,Operation Centers and Antarctic Fire Services,PHJP
612109.00.BP8.7201BP80300S.AQ,Palmer Facilities Maintenance,PIBP
612109.00.BP8.3301BP80200S.AQ,Marine Technical Services,PJGP
612109.00.BP8.7403BP80200S.AQ,Palmer Waste Heat from GWR to Biolab Extension,PLYP
612109.00.BP8.3301BP80200S.AQ,Marine Technical Services,PMDP
612109.00.BP8.7202BP80300S.AQ,Palmer Utilities,PMQP
612109.00.BP8.7201BP80300S.AQ,Palmer Facilities Maintenance,PMTP
612109.00.BP8.7201BP80300S.AQ,Palmer Facilities Maintenance,PPGP
612109.00.BP8.7403BP80200S.AQ,Palmer Waste Heat from GWR to Biolab Extension,PPKP
612109.00.BP8.7201BP80300S.AQ,Palmer Facilities Maintenance,PPLP
612109.00.BP8.7403BP80200S.AQ,Palmer Waste Heat from GWR to Biolab Extension,PPLP
612109.00.BP8.5202BP80200S.AQ,Palmer Vehicle Maintenance,PQIP
612109.00.BP8.7202BP80300S.AQ,Palmer Utilities,PTDP
612109.00.BP8.7101BP80100S.AQ,Facilities Management,PZ7P
612109.00.BP8.6601BP80100S.AQ,South Pole Logistics,SC1P
612109.00.BP8.3402BP80100S.AQ,NASA 88 South,SCCP
612109.00.BP8.3402BP80400S.AQ,Dark Sector Science Support,SCCP
612109.00.BP8.3402BP80500S.AQ,BICEP Array Installation,SCCP
612109.00.BP8.3402BP80600S.AQ,Icecube Upgrade,SCCP
612109.00.BP8.3402BP80700S.AQ,LANDIT South Pole Planetary Oscillation Observatory,SCCP
612109.00.BP8.7201BP80200S.AQ,South Pole Facilities Maintenance,SCCP
612109.00.BP8.7301BP80200S.AQ,South Pole Operational SIP Support,SCCP
612109.00.BP8.3402BP80600S.AQ,Icecube Upgrade,SCDP
612109.00.BP8.7201BP80200S.AQ,South Pole Facilities Maintenance,SCDP
612109.00.BP8.7201BP80200S.AQ,South Pole Facilities Maintenance,SCIP
612109.00.BP8.7201BP80200S.AQ,South Pole Facilities Maintenance,SEBP
612109.00.BP8.3402BP80400S.AQ,Dark Sector Science Support,SECP
612109.00.BP8.3402BP80500S.AQ,BICEP Array Installation,SECP
612109.00.BP8.3402BP80600S.AQ,Icecube Upgrade,SECP
612109.00.BP8.3402BP80700S.AQ,LANDIT South Pole Planetary Oscillation Observatory,SECP
612109.00.BP8.7201BP80200S.AQ,South Pole Facilities Maintenance,SECP
612109.00.BP8.7301BP80200S.AQ,South Pole Operational SIP Support,SECP
612109.00.BP8.3402BP80400S.AQ,Dark Sector Science Support,SEHP
612109.00.BP8.3402BP80600S.AQ,Icecube Upgrade,SEHP
612109.00.BP8.5302BP80100S.AQ,Survey Support,SEHP
612109.00.BP8.5502BP80200S.AQ,South Pole Fuel Operations,SFEP
612109.00.BP8.3402BP80500S.AQ,BICEP Array Installation,SFYP
612109.00.BP8.3402BP80700S.AQ,LANDIT South Pole Planetary Oscillation Observatory,SFYP
612109.00.BP8.7201BP80200S.AQ,South Pole Facilities Maintenance,SFYP
612109.00.BP8.5502BP80200S.AQ,South Pole Fuel Operations,SGLP
612109.00.BP8.1104BP80200S.AQ,Human Resources/Training,SGMP
612109.00.BP8.5202BP80500S.AQ,South Pole Equipment Operations,SH6P
612109.00.BP8.5301BP80300S.AQ,South Pole ARFF,SHBP
612109.00.BP8.5301BP80300S.AQ,South Pole ARFF,SHJP
612109.00.BP8.5502BP80200S.AQ,South Pole Fuel Operations,SHQP
612109.00.BP8.5301BP80300S.AQ,South Pole ARFF,SHVP
612109.00.BP8.5601BP80200S.AQ,Operation Centers and Antarctic Fire Services,SHVP
612109.00.BP8.6601BP80100S.AQ,South Pole Logistics,SIDP
612109.00.BP8.3402BP80300S.AQ,South Pole Science Equipment Retrograde,SIFP
612109.00.BP8.3402BP80400S.AQ,Dark Sector Science Support,SIFP
612109.00.BP8.3402BP80700S.AQ,LANDIT South Pole Planetary Oscillation Observatory,SIFP
612109.00.BP8.7402BP80100S.AQ,South Pole BLDG 68 EDM Replacement,SIFP
612109.00.BP8.7201BP80200S.AQ,South Pole Facilities Maintenance,SJ8P
612109.00.BP8.3402BP80400S.AQ,Dark Sector Science Support,SLWP
612109.00.BP8.3402BP80600S.AQ,Icecube Upgrade,SLWP
612109.00.BP8.5302BP80100S.AQ,Survey Support,SLWP
612109.00.BP8.3402BP80300S.AQ,South Pole Science Equipment Retrograde,SLYP
612109.00.BP8.3402BP80400S.AQ,Dark Sector Science Support,SLYP
612109.00.BP8.3402BP80500S.AQ,BICEP Array Installation,SLYP
612109.00.BP8.3402BP80600S.AQ,Icecube Upgrade,SLYP
612109.00.BP8.3402BP80700S.AQ,LANDIT South Pole Planetary Oscillation Observatory,SLYP
612109.00.BP8.7301BP80200S.AQ,South Pole Operational SIP Support,SLYP
612109.00.BP8.3402BP80700S.AQ,LANDIT South Pole Planetary Oscillation Observatory,SMGP
612109.00.BP8.6601BP80100S.AQ,South Pole Logistics,SMGP
612109.00.BP8.3402BP80300S.AQ,South Pole Science Equipment Retrograde,SMHP
612109.00.BP8.3402BP80700S.AQ,LANDIT South Pole Planetary Oscillation Observatory,SMHP
612109.00.BP8.6601BP80100S.AQ,South Pole Logistics,SMHP
612109.00.BP8.3402BP80600S.AQ,Icecube Upgrade,SMPP
612109.00.BP8.7202BP80200S.AQ,South Pole Utilities,SMPP
612109.00.BP8.7202BP80200S.AQ,South Pole Utilities,SMQP
612109.00.BP8.5301BP80400S.AQ,Meteorology Support,SMVP
612109.00.BP8.5301BP80400S.AQ,Meteorology Support,SNEP
612109.00.BP8.5202BP80500S.AQ,South Pole Equipment Operations,SOBP
612109.00.BP8.3402BP80300S.AQ,South Pole Science Equipment Retrograde,SODP
612109.00.BP8.3402BP80400S.AQ,Dark Sector Science Support,SODP
612109.00.BP8.3402BP80500S.AQ,BICEP Array Installation,SODP
612109.00.BP8.3402BP80600S.AQ,Icecube Upgrade,SODP
612109.00.BP8.3402BP80700S.AQ,LANDIT South Pole Planetary Oscillation Observatory,SODP
612109.00.BP8.5202BP80500S.AQ,South Pole Equipment Operations,SODP
612109.00.BP8.3402BP80500S.AQ,BICEP Array Installation,SOEP
612109.00.BP8.3402BP80700S.AQ,LANDIT South Pole Planetary Oscillation Observatory,SOEP
612109.00.BP8.5202BP80500S.AQ,South Pole Equipment Operations,SOEP
612109.00.BP8.3402BP80500S.AQ,BICEP Array Installation,SPKP
612109.00.BP8.3402BP80600S.AQ,Icecube Upgrade,SPKP
612109.00.BP8.3402BP80700S.AQ,LANDIT South Pole Planetary Oscillation Observatory,SPKP
612109.00.BP8.7201BP80200S.AQ,South Pole Facilities Maintenance,SPLP
612109.00.BP8.7201BP80200S.AQ,South Pole Facilities Maintenance,SPQP
612109.00.BP8.3402BP80600S.AQ,Icecube Upgrade,SQIP
612109.00.BP8.5202BP80300S.AQ,South Pole Vehicle Maintenance,SQIP
612109.00.BP8.3402BP80100S.AQ,NASA 88 South,SQQP
612109.00.BP8.5202BP80300S.AQ,South Pole Vehicle Maintenance,SQQP
612109.00.BP8.3402BP80100S.AQ,NASA 88 South,SS3P
612109.00.BP8.2101BP80100S.AQ,Safety and Health Engineering,SSAP
612109.00.BP8.3402BP80700S.AQ,LANDIT South Pole Planetary Oscillation Observatory,SSAP
612109.00.BP8.7201BP80200S.AQ,South Pole Facilities Maintenance,SSWP
612109.00.BP8.7202BP80200S.AQ,South Pole Utilities,STDP
612109.00.BP8.6601BP80100S.AQ,South Pole Logistics,STLP
612109.00.BP8.6601BP80100S.AQ,South Pole Logistics,SUXP
612109.00.BP8.6601BP80100S.AQ,South Pole Logistics,SUYP
612109.00.BP8.6601BP80100S.AQ,South Pole Logistics,SUZP
612109.00.BP8.5202BP80300S.AQ,South Pole Vehicle Maintenance,SVDP
612109.00.BP8.7201BP80200S.AQ,South Pole Facilities Maintenance,SZSP
612109.00.BP8.3401BP80600S.AQ,West Antarctic Support/Thwaites,TC5P
612109.00.BP8.3401BP80200S.AQ,RAID,TD8P
612109.00.BP8.3401BP80600S.AQ,West Antarctic Support/Thwaites,TD8P
612109.00.BP8.5201BP80100S.AQ,Operations Traverse,TD8P
612109.00.BP8.5801BP80200S.AQ,Shear Zone Route Relocation Project,TD8P
612109.00.BP8.5801BP80200S.AQ,Shear Zone Route Relocation Project,TEMP
612109.00.BP8.5201BP80100S.AQ,Operations Traverse,TKKP
612109.00.BP8.3401BP80200S.AQ,RAID,TODP
612109.00.BP8.3401BP80600S.AQ,West Antarctic Support/Thwaites,TODP
612109.00.BP8.5201BP80100S.AQ,Operations Traverse,TODP
612109.00.BP8.5801BP80200S.AQ,Shear Zone Route Relocation Project,TODP
612109.00.BP8.3401BP80200S.AQ,RAID,TQIP
612109.00.BP8.3401BP80600S.AQ,West Antarctic Support/Thwaites,TQIP
612109.00.BP8.5201BP80100S.AQ,Operations Traverse,TQIP
612109.00.BP8.5801BP80200S.AQ,Shear Zone Route Relocation Project,TQIP
612109.00.BP8.3402BP80100S.AQ,NASA 88 South,TQQP
612109.00.BP8.3401BP80200S.AQ,RAID,TS3P
612109.00.BP8.3401BP80600S.AQ,West Antarctic Support/Thwaites,TS3P
612109.00.BP8.3402BP80100S.AQ,NASA 88 South,TS3P
612109.00.BP8.5201BP80100S.AQ,Operations Traverse,TS3P
612109.00.BP8.5801BP80200S.AQ,Shear Zone Route Relocation Project,TS3P
612109.00.BP8.5201BP80100S.AQ,Operations Traverse,TVDP
612109.00.BP8.3301BP80200S.AQ,Marine Technical Services,VJGP
612109.00.BP8.6601BP80500S.AQ,Port Hueneme Operations,VLBP
612109.00.BP8.3301BP80200S.AQ,Marine Technical Services,VMDP
612109.00.BP8.6601BP80100S.AQ,South Pole Logistics,MMHP
612109.00.BP8.6601BP80100S.AQ,South Pole Logistics,MMGP
612109.00.BP8.6601BP80100S.AQ,South Pole Logistics,M9MP
612109.00.BP8.6601BP80100S.AQ,South Pole Logistics,MICP
612109.00.BP8.6601BP80100S.AQ,South Pole Logistics,MIDP
612109.00.BP8.4401BP81000S.AQ,JPSS MC3,MDXP
612109.00.BP8.5801BP80200S.AQ,Shear Zone Route Relocation Project,MCCP
612109.00.BP8.5801BP80200S.AQ,Shear Zone Route Relocation Project,MCIP
612109.00.BP8.5801BP80200S.AQ,Shear Zone Route Relocation Project,MDXP
612109.00.BP8.5801BP80200S.AQ,Shear Zone Route Relocation Project,MLYP
612109.00.BP8.7401BP81000S.AQ,AIMS Transition Support,MCDP
612109.00.BP8.7401BP81000S.AQ,AIMS Transition Support,MCCP
612109.00.BP8.7401BP81000S.AQ,AIMS Transition Support,MLYP
612109.00.BP8.7401BP81000S.AQ,AIMS Transition Support,MCIP
612109.00.BP8.7401BP81000S.AQ,AIMS Transition Support,MDXP
612109.00.RIE.M562BP80800S.AQ,RIES - Facilities,MMHP
612109.00.RIE.M562BP80800S.AQ,RIES - Facilities,MMGP
612109.00.RIE.M562BP80800S.AQ,RIES - Facilities,MKMP
612109.00.RIE.M562BP80800S.AQ,RIES - Facilities,M9MP
612109.00.RIE.M562BP80800S.AQ,RIES - Facilities,MSSP
612109.00.RIE.M562BP80700S.AQ,RIES - Civil,MSSP
612109.00.RIE.M562BP80700S.AQ,RIES - Civil,MKMP
612109.00.RIE.M562BP80700S.AQ,RIES - Civil,MMGP
612109.00.RIE.M562BP80700S.AQ,RIES - Civil,M9MP
612109.00.RIE.M562BP80700S.AQ,RIES - Civil,MMHP
612109.00.BP8.1103BP80100S.AQ,Mission Assurance,MUSP
612109.00.BP8.7401BP80300S.AQ,McMurdo Install Keltron Wireless Communication Conversion,MUNP
612109.00.BP8.3401BP80400S.AQ,NASA LDB,MKKP
612109.00.BP8.3401BP80400S.AQ,NASA LDB,MUHP
612109.00.BP8.3401BP80400S.AQ,NASA LDB,MEMP
612109.00.BP8.3401BP80400S.AQ,NASA LDB,MOBP
612109.00.BP8.3401BP80400S.AQ,NASA LDB,MENP
612109.00.BP8.3401BP80300S.AQ,Science Traverse/SALSA,MICP
612109.00.BP8.3401BP80300S.AQ,Science Traverse/SALSA,MIDP
612109.00.BP8.3401BP80100S.AQ,WAIS - Project,MICP
612109.00.BP8.3401BP80100S.AQ,WAIS - Project,MIDP
612109.00.BP8.7401BP80900S.AQ,McMurdo Renovate Buildings 188 and 166,MICP
612109.00.BP8.7401BP80900S.AQ,McMurdo Renovate Buildings 188 and 166,MIDP
612109.00.BP8.7401BP80300S.AQ,McMurdo Install Keltron Wireless Communication Conversion,MICP
612109.00.BP8.7401BP80300S.AQ,McMurdo Install Keltron Wireless Communication Conversion,MIDP
612109.00.BP8.7401BP80500S.AQ,McMurdo Repair Bulk Fuel Tanks,MICP
612109.00.BP8.7401BP80500S.AQ,McMurdo Repair Bulk Fuel Tanks,MIDP
612109.00.BP8.7401BP80700S.AQ,McMurdo BL143 VMF Boiler Replacement,MICP
612109.00.BP8.7401BP80700S.AQ,McMurdo BL143 VMF Boiler Replacement,MIDP
612109.00.BP8.4401BP81000S.AQ,JPSS MC3,MLWP
612109.00.BP8.3401BP80300S.AQ,Science Traverse/SALSA,MQQP
612109.00.BP8.4401BP81000S.AQ,JPSS MC3,MSXP
612109.00.BP8.3401BP80500S.AQ,NASA RISE-UP,MC5P
612109.00.BP8.3401BP80500S.AQ,NASA RISE-UP,MGVP
612109.00.BP8.3401BP80500S.AQ,NASA RISE-UP,MP9P
612109.00.BP8.3401BP80200S.AQ,RAID,MGVP
612109.00.BP8.3401BP80200S.AQ,RAID,MP9P
612109.00.BP8.4401BP81000S.AQ,JPSS MC3,MEAP
612109.00.BP8.4401BP81000S.AQ,JPSS MC3,MIDP
612109.00.BP8.7401BP81000S.AQ,AIMS Transition Support,MEBP
612109.00.ITC.M536BP80302S.AQ,IT&C Utilities/Infra,MCCP
612109.00.ITC.M536BP80302S.AQ,IT&C Utilities/Infra,MCDP
612109.00.AIM.M552BP80401S.AQ,AIMS Aggregate for VEOC,MOBP
612109.00.AIM.M552BP80401S.AQ,AIMS Aggregate for VEOC,MOEP
612109.00.ITC.M536BP80304S.AQ,IT&C ASC Site Support,MKKP
612109.00.ITC.M536BP80304S.AQ,IT&C ASC Site Support,MOBP
612109.00.BP8.4401BP81000S.AQ,JPSS MC3,MEMP
612109.00.BP8.4401BP81000S.AQ,JPSS MC3,MENP
612109.00.BP8.4401BP81000S.AQ,JPSS MC3,MKKP
612109.00.BP8.4401BP81000S.AQ,JPSS MC3,MOBP
612109.00.BP8.4401BP81000S.AQ,JPSS MC3,MOEP
612109.00.BP8.4401BP81000S.AQ,JPSS MC3,MS1P
612109.00.INF.M534BP80100S.AQ,INF Outside Plant Infrast,MEMP
612109.00.INF.M534BP80100S.AQ,INF Outside Plant Infrast,MENP
612109.00.INF.M534BP80100S.AQ,INF Outside Plant Infrast,MKKP
612109.00.INF.M534BP80100S.AQ,INF Outside Plant Infrast,MOBP
612109.00.INF.M534BP80100S.AQ,INF Outside Plant Infrast,MOEP
612109.00.INF.M534BP80100S.AQ,INF Outside Plant Infrast,MS1P
612109.00.ITC.M536BP80302S.AQ,IT&C Utilities/Infra,MEMP
612109.00.ITC.M536BP80302S.AQ,IT&C Utilities/Infra,MENP
612109.00.ITC.M536BP80302S.AQ,IT&C Utilities/Infra,MKKP
612109.00.ITC.M536BP80302S.AQ,IT&C Utilities/Infra,MOBP
612109.00.ITC.M536BP80302S.AQ,IT&C Utilities/Infra,MOEP
612109.00.ITC.M536BP80302S.AQ,IT&C Utilities/Infra,MS1P
612109.00.RIE.M562BP80700S.AQ,RIES - Civil,MEMP
612109.00.RIE.M562BP80700S.AQ,RIES - Civil,MENP
612109.00.RIE.M562BP80700S.AQ,RIES - Civil,MKKP
612109.00.RIE.M562BP80700S.AQ,RIES - Civil,MOBP
612109.00.RIE.M562BP80700S.AQ,RIES - Civil,MOEP
612109.00.RIE.M562BP80700S.AQ,RIES - Civil,MS1P
612109.00.BP8.3401BP80600S.AQ,West Antarctic Support/Thwaites,MEMP
612109.00.BP8.3401BP80600S.AQ,West Antarctic Support/Thwaites,MENP
612109.00.BP8.3401BP80600S.AQ,West Antarctic Support/Thwaites,MKKP
612109.00.BP8.3401BP80600S.AQ,West Antarctic Support/Thwaites,MOBP
612109.00.BP8.3401BP80600S.AQ,West Antarctic Support/Thwaites,MS1P
612109.00.BP8.5801BP80200S.AQ,Shear Zone Route Relocation Project,MENP
612109.00.RIE.M562BP80800S.AQ,RIES - Facilities,MEMP
612109.00.RIE.M562BP80800S.AQ,RIES - Facilities,MENP
612109.00.RIE.M562BP80800S.AQ,RIES - Facilities,MKKP
612109.00.RIE.M562BP80800S.AQ,RIES - Facilities,MOBP
612109.00.RIE.M562BP80800S.AQ,RIES - Facilities,MOEP
612109.00.RIE.M562BP80800S.AQ,RIES - Facilities,MS1P
612109.00.BP8.7401BP80500S.AQ,McMurdo Repair Bulk Fuel Tanks,MEMP
612109.00.BP8.7401BP80500S.AQ,McMurdo Repair Bulk Fuel Tanks,MENP
612109.00.BP8.7401BP80500S.AQ,McMurdo Repair Bulk Fuel Tanks,MKKP
612109.00.BP8.7401BP80500S.AQ,McMurdo Repair Bulk Fuel Tanks,MOBP
612109.00.RIE.M562BP80700S.AQ,RIES - Civil,MODP
612109.00.ITC.M536BP80302S.AQ,IT&C Utilities/Infra,MLYP
612109.00.BP8.4401BP81000S.AQ,JPSS MC3,MEBP
612109.00.BP8.4401BP81000S.AQ,JPSS MC3,MUHP
612109.00.BP8.3401BP80600S.AQ,West Antarctic Support/Thwaites,MUHP
612109.00.BP8.3401BP80400S.AQ,NASA LDB,MKDP
612109.00.BP8.3401BP80400S.AQ,NASA LDB,MLDP
612109.00.BP8.3401BP80200S.AQ,RAID,MLDP
612109.00.BP8.3401BP80200S.AQ,RAID,MKDP
612109.00.BP8.7401BP80500S.AQ,McMurdo Repair Bulk Fuel Tanks,MUHP
612109.00.BP8.3402BP80100S.AQ,NASA 88 South,MGIP
612109.00.BP8.3402BP80100S.AQ,NASA 88 South,MDZP
612109.00.BP8.3402BP80100S.AQ,NASA 88 South,MAKP
612109.00.BP8.3402BP80100S.AQ,NASA 88 South,MS7P
612109.00.BP8.3401BP80500S.AQ,NASA RISE-UP,MGIP
612109.00.BP8.3401BP80500S.AQ,NASA RISE-UP,MDZP
612109.00.BP8.3402BP80100S.AQ,NASA 88 South,MKRP
612109.00.BP8.3401BP80500S.AQ,NASA RISE-UP,MAKP
612109.00.BP8.3401BP80500S.AQ,NASA RISE-UP,MS7P
612109.00.BP8.3401BP80400S.AQ,NASA LDB,MKRP
612109.00.BP8.3401BP80400S.AQ,NASA LDB,MAKP
612109.00.BP8.3401BP80400S.AQ,NASA LDB,MS7P
612109.00.INF.M534BP80100S.AQ,INF Outside Plant Infrast,MUHP
612109.00.ITC.M536BP80302S.AQ,IT&C Utilities/Infra,MUHP
612109.00.ITC.M536BP80302S.AQ,IT&C Utilities/Infra,MDXP
612109.00.RIE.M562BP80700S.AQ,RIES - Civil,MUHP
612109.00.RIE.M562BP80800S.AQ,RIES - Facilities,MUHP
612109.00.BP8.3401BP80400S.AQ,NASA LDB,MEHP
612109.00.BP8.3401BP80400S.AQ,NASA LDB,MLWP
612109.00.INF.M534BP80100S.AQ,INF Outside Plant Infrast,MLWP
612109.00.ITC.M536BP80302S.AQ,IT&C Utilities/Infra,MLWP
612109.00.BP8.3402BP80300S.AQ,South Pole Science Equipment Retrograde,SH6P
612109.00.BP8.3402BP80300S.AQ,South Pole Science Equipment Retrograde,SOBP
612109.00.BP8.3402BP80400S.AQ,Dark Sector Science Support,SH6P
612109.00.BP8.3402BP80400S.AQ,Dark Sector Science Support,SOBP
612109.00.BP8.3402BP80500S.AQ,BICEP Array Installation,SOBP
612109.00.BP8.3402BP80500S.AQ,BICEP Array Installation,SODP
612109.00.BP8.3402BP80500S.AQ,BICEP Array Installation,SH6P
612109.00.BP8.3402BP80600S.AQ,Icecube Upgrade,SOBP
612109.00.BP8.3402BP80600S.AQ,Icecube Upgrade,SH6P
612109.00.BP8.3402BP80700S.AQ,LANDIT South Pole Planetary Oscillation Observatory,SH6P
612109.00.BP8.3402BP80700S.AQ,LANDIT South Pole Planetary Oscillation Observatory,SOBP
612109.00.BP8.3401BP80600S.AQ,West Antarctic Support/Thwaites,MSOP
612109.00.BP8.3401BP80600S.AQ,West Antarctic Support/Thwaites,MSNP
612109.00.BP8.3401BP80400S.AQ,NASA LDB,MZSP
612109.00.BP8.3402BP80100S.AQ,NASA 88 South,SOBP
612109.00.BP8.3401BP80200S.AQ,RAID,MZSP
612109.00.RIE.M562BP80700S.AQ,RIES - Civil,MLYP
612109.00.BP8.3402BP80500S.AQ,BICEP Array Installation,SCDP
612109.00.BP8.3402BP80400S.AQ,Dark Sector Science Support,SCDP
612109.00.BP8.3402BP80700S.AQ,LANDIT South Pole Planetary Oscillation Observatory,SCDP
612109.00.BP8.7301BP80200S.AQ,South Pole Operational SIP Support,SCDP
612109.00.INF.M534BP80100S.AQ,INF Outside Plant Infrast,MLYP
612109.00.INF.M534BP80100S.AQ,INF Outside Plant Infrast,MDXP
612109.00.ITC.M536BP80101S.AQ,IT&C Proj Mgmt & Support,MMGP
612109.00.AIM.M553BP80102S.AQ,AIMS Demolition for VEOC,MDXP
612109.00.INF.M534BP80100S.AQ,INF Outside Plant Infrast,MEXP
612109.00.INF.M534BP80100S.AQ,INF Outside Plant Infrast,MEBP
612109.00.ITC.M536BP80302S.AQ,IT&C Utilities/Infra,MEXP
612109.00.ITC.M536BP80302S.AQ,IT&C Utilities/Infra,MEBP
612109.00.RIE.M562BP80700S.AQ,RIES - Civil,MCCP
612109.00.RIE.M562BP80700S.AQ,RIES - Civil,MCIP
612109.00.RIE.M562BP80700S.AQ,RIES - Civil,MDXP
612109.00.RIE.M562BP80700S.AQ,RIES - Civil,MLYP
612109.00.INF.M534BP80100S.AQ,INF Outside Plant Infrast,MLYP
612109.00.BP8.3401BP80200S.AQ,RAID,MDXP
612109.00.RIE.M562BP80700S.AQ,RIES - Civil,MPKP
612109.00.ITC.M536BP80302S.AQ,IT&C Utilities/Infra,MPKP
612109.00.INF.M534BP80100S.AQ,INF Outside Plant Infrast,MPKP
612109.00.AIM.M553BP80102S.AQ,AIMS Demolition for VEOC,MPKP
612109.00.BP8.7401BP80900S.AQ,McMurdo Renovate Buildings 188 and 166,MZSP
612109.00.BP8.7401BP80900S.AQ,McMurdo Renovate Buildings 188 and 166,MZ7P
612109.00.ITC.M536BP80301S.AQ,IT&C PRIM OPS FACIL CONST,MV9P
